{
  "shootvisor": {
    "sounds": [
      "shoot_visor1",
      "shoot_visor2",
      "shoot_visor3",
      "shoot_visor4",
      "shoot_visor5"
    ],
    "category": "player"
  },
  "loopvisor": {
    "sounds": [
      "loopvisor_1",
      "loopvisor_2"
    ],
    "category": "player"
  },
  "chargevisor": {
    "sounds": [
      "charge_visor"
    ],
    "category": "player"
  },
  "punch": {
    "sounds": [
      "hit_1",
      "hit_2",
      "hit_3",
      "hit_4"
    ],
    "category": "player"
  }
}