{
  "shootvisor": {
    "sounds": [
      "shoot_visor1"
    ],
    "category": "player"
  },
  "shootoff": {
    "sounds": [
      "shoot_off"
    ],
    "category": "player"
  },
  "loopvisor": {
    "sounds": [
      "loopvisor_1",
      "loopvisor_2"
    ],
    "category": "player"
  },
  "chargevisor": {
    "sounds": [
      "charge_visor"
    ],
    "category": "player"
  },
  "visoron": {
    "sounds": [
      "visor_on"
    ],
    "category": "player"
  },
  "visoroff": {
    "sounds": [
      "visor_off"
    ],
    "category": "player"
  },
  "punch": {
    "sounds": [
      "hit_1",
      "hit_2",
      "hit_3",
      "hit_4"
    ],
    "category": "player"
  }
}