{
  "shootoff": {
    "sounds": [
      "shoot_off"
    ],
    "category": "player"
  },
  "shootvisor": {
    "sounds": [
      "shoot_visor"
    ],
    "category": "player"
  },
  "loopvisor": {
    "sounds": [
      "loopvisor_1",
      "loopvisor_2"
    ],
    "category": "player"
  },
  "chargevisor": {
    "sounds": [
      "charge_visor"
    ],
    "category": "player"
  },
  "visoron": {
    "sounds": [
      "visor_on"
    ],
    "category": "player"
  },
  "visoroff": {
    "sounds": [
      "visor_off"
    ],
    "category": "player"
  },
  "clawson": {
    "sounds": [
      "claws_on"
    ],
    "category": "player"
  },
  "clwasoff": {
    "sounds": [
      "claws_off"
    ],
    "category": "player"
  },
  "clawshit": {
    "sounds": [
      "clawshit_1",
      "clawshit_2",
      "clawshit_3"
    ],
    "category": "player"
  },
  "hidenblade": {
    "sounds": [
      "hidenblade_1",
      "hidenblade_2",
      "hidenblade_3"
    ],
    "category": "player"
  },
  "punch": {
    "sounds": [
      "hit_1",
      "hit_2",
      "hit_3",
      "hit_4"
    ],
    "category": "player"
  }
}