{
  "shootoff": {
    "sounds": [
      "shoot_off"
    ],
    "category": "player"
  },
  "yamatoon": {
    "sounds": [
      "yamato_on1",
      "yamato_on2"
    ],
    "category": "player"
  },
  "yamatohit": {
    "sounds": [
      "yamato_hit1",
      "yamato_hit2",
      "yamato_hit3"
    ],
    "category": "player"
  },
  "vergiltheme": {
    "sounds": [
      "vergil_theme"
    ],
    "category": "player"
  },
  "vergiltaunt": {
    "sounds": [
      "vergil_taunt1",
      "vergil_taunt2",
      "vergil_taunt3",
      "vergil_taunt4",
      "vergil_taunt5"
    ],
    "category": "player"
  },
  "yamatofoley": {
    "sounds": [
      "yamato_foley1",
      "yamato_foley2",
      "yamato_foley3"
    ],
    "category": "player"
  },
  "judcutfinish": {
    "sounds": [
      "judcut_finish1",
      "judcut_finish2"
    ],
    "category": "player"
  },
  "judcutcharge": {
    "sounds": [
      "judcut_charge"
    ],
    "category": "player"
  },
  "judcutstart": {
    "sounds": [
      "judcut_start1",
      "judcut_start2"
    ],
    "category": "player"
  },
  "judcut": {
    "sounds": [
      "judcut"
    ],
    "category": "player"
  },
  "teleport": {
    "sounds": [
      "teleport"
    ],
    "category": "player"
  },
  "yamatodamage": {
    "sounds": [
      "yamato_damage"
    ],
    "category": "player"
  },
  "yamatooff": {
    "sounds": [
      "yamato_off"
    ],
    "category": "player"
  },
  "shootvisor": {
    "sounds": [
      "shoot_visor"
    ],
    "category": "player"
  },
  "loopvisor": {
    "sounds": [
      "loopvisor_1",
      "loopvisor_2"
    ],
    "category": "player"
  },
  "chargevisor": {
    "sounds": [
      "charge_visor"
    ],
    "category": "player"
  },
  "visoron": {
    "sounds": [
      "visor_on"
    ],
    "category": "player"
  },
  "visoroff": {
    "sounds": [
      "visor_off"
    ],
    "category": "player"
  },
  "clawson": {
    "sounds": [
      "claws_on"
    ],
    "category": "player"
  },
  "clwasoff": {
    "sounds": [
      "claws_off"
    ],
    "category": "player"
  },
  "clawshit": {
    "sounds": [
      "clawshit_1",
      "clawshit_2",
      "clawshit_3"
    ],
    "category": "player"
  },
  "hidenblade": {
    "sounds": [
      "hidenblade_1",
      "hidenblade_2",
      "hidenblade_3"
    ],
    "category": "player"
  },
  "punch": {
    "sounds": [
      "hit_1",
      "hit_2",
      "hit_3",
      "hit_4"
    ],
    "category": "player"
  }
}